Token,Class,Reagent/protected form,Reagent MW (g/mol),Product MW contribution (g/mol),Counts as coupling unit?,Terminal/control only?,Source used,Notes,Active?,Chemistry profile,Applied reagent logic,Preferred chemistry,Source / rationale URL,DB note
,,None / blank,0.00,0.00,No,Yes,manual control,Blank option for modifier/label/tag/linker,Yes,CONTROL,terminal/control or inactive,,internal,No reagent calculation unless Counts=Yes.
A,AA,Fmoc-Ala-OH,311.29,71.08,Yes,No,AA DB,No,Yes,DEFAULT_SELECTED,standard coupling unit: use selected coupling system,Selected,internal DB / uploaded files,AA-like unit; user-editable.
R,AA,Fmoc-Arg(Pbf)-OH,648.77,156.19,Yes,No,AA DB,Yes,Yes,DEFAULT_SELECTED,standard coupling unit: use selected coupling system,Selected,internal DB / uploaded files,AA-like unit; user-editable.
N,AA,Fmoc-Asn(Trt)-OH,596.67,114.10,Yes,No,AA DB,No,Yes,DEFAULT_SELECTED,standard coupling unit: use selected coupling system,Selected,internal DB / uploaded files,AA-like unit; user-editable.
D,AA,Fmoc-Asp(OtBu)-OH,411.45,115.09,Yes,No,AA DB,No,Yes,DEFAULT_SELECTED,standard coupling unit: use selected coupling system,Selected,internal DB / uploaded files,AA-like unit; user-editable.
C,AA,Fmoc-Cys(Trt)-OH,585.72,103.14,Yes,No,AA DB / risk,Yes,Yes,DEFAULT_SELECTED,standard coupling unit: use selected coupling system,Selected,internal DB / uploaded files,AA-like unit; user-editable.
Q,AA,Fmoc-Gln(Trt)-OH,610.70,128.13,Yes,No,AA DB,No,Yes,DEFAULT_SELECTED,standard coupling unit: use selected coupling system,Selected,internal DB / uploaded files,AA-like unit; user-editable.
E,AA,Fmoc-Glu(OtBu)-OH,425.48,129.12,Yes,No,AA DB,No,Yes,DEFAULT_SELECTED,standard coupling unit: use selected coupling system,Selected,internal DB / uploaded files,AA-like unit; user-editable.
G,AA,Fmoc-Gly-OH,297.31,57.05,Yes,No,AA DB,No,Yes,DEFAULT_SELECTED,standard coupling unit: use selected coupling system,Selected,internal DB / uploaded files,AA-like unit; user-editable.
H,AA,Fmoc-His(Trt)-OH,619.72,137.14,Yes,No,AA DB / risk,Yes,Yes,DEFAULT_SELECTED,standard coupling unit: use selected coupling system,Selected,internal DB / uploaded files,AA-like unit; user-editable.
I,AA,Fmoc-Ile-OH,353.42,113.16,Yes,No,AA DB,No,Yes,DEFAULT_SELECTED,standard coupling unit: use selected coupling system,Selected,internal DB / uploaded files,AA-like unit; user-editable.
L,AA,Fmoc-Leu-OH,353.42,113.16,Yes,No,AA DB,No,Yes,DEFAULT_SELECTED,standard coupling unit: use selected coupling system,Selected,internal DB / uploaded files,AA-like unit; user-editable.
K,AA,Fmoc-Lys(Boc)-OH,468.55,128.17,Yes,No,AA DB / branch,No,Yes,DEFAULT_SELECTED,standard coupling unit: use selected coupling system,Selected,internal DB / uploaded files,AA-like unit; user-editable.
M,AA,Fmoc-Met-OH,371.45,131.20,Yes,No,AA DB,No,Yes,DEFAULT_SELECTED,standard coupling unit: use selected coupling system,Selected,internal DB / uploaded files,AA-like unit; user-editable.
F,AA,Fmoc-Phe-OH,387.43,147.18,Yes,No,AA DB,No,Yes,DEFAULT_SELECTED,standard coupling unit: use selected coupling system,Selected,internal DB / uploaded files,AA-like unit; user-editable.
P,AA,Fmoc-Pro-OH,337.37,97.12,Yes,No,AA DB,No,Yes,DEFAULT_SELECTED,standard coupling unit: use selected coupling system,Selected,internal DB / uploaded files,AA-like unit; user-editable.
S,AA,Fmoc-Ser(tBu)-OH,383.44,87.08,Yes,No,AA DB,No,Yes,DEFAULT_SELECTED,standard coupling unit: use selected coupling system,Selected,internal DB / uploaded files,AA-like unit; user-editable.
T,AA,Fmoc-Thr(tBu)-OH,397.47,101.11,Yes,No,AA DB,No,Yes,DEFAULT_SELECTED,standard coupling unit: use selected coupling system,Selected,internal DB / uploaded files,AA-like unit; user-editable.
W,AA,Fmoc-Trp(Boc)-OH,526.58,186.21,Yes,No,AA DB,No,Yes,DEFAULT_SELECTED,standard coupling unit: use selected coupling system,Selected,internal DB / uploaded files,AA-like unit; user-editable.
Y,AA,Fmoc-Tyr(tBu)-OH,459.54,163.18,Yes,No,AA DB,No,Yes,DEFAULT_SELECTED,standard coupling unit: use selected coupling system,Selected,internal DB / uploaded files,AA-like unit; user-editable.
V,AA,Fmoc-Val-OH,339.39,99.13,Yes,No,AA DB,No,Yes,DEFAULT_SELECTED,standard coupling unit: use selected coupling system,Selected,internal DB / uploaded files,AA-like unit; user-editable.
K(Fmoc),Branch handle,Fmoc-Lys(Fmoc)-OH / orthogonal branch handle,590.66,128.17,Yes,No,curated/vendor/formula,Fmoc-Lys(Fmoc)-OH reagent; peptide residue contribution is Lys residue.,Yes,DEFAULT_SELECTED,AA-like branch handle coupling; side-chain deprotection controlled separately,Selected,vendor/formula normalized; verify CoA,Branch handle reagent MW separated from peptide residue contribution.
K(ivDde),Branch handle,Fmoc-Lys(ivDde)-OH / orthogonal branch handle,574.71,128.17,Yes,No,curated/vendor/formula,Fmoc-Lys(ivDde)-OH reagent; peptide residue contribution is Lys residue.,Yes,DEFAULT_SELECTED,AA-like branch handle coupling; side-chain deprotection controlled separately,Selected,vendor/formula normalized; verify CoA,Branch handle reagent MW separated from peptide residue contribution.
K(Mtt),Branch handle,Fmoc-Lys(Mtt)-OH / orthogonal branch handle,624.77,128.17,Yes,No,curated/vendor/formula,Fmoc-Lys(Mtt)-OH reagent; peptide residue contribution is Lys residue.,Yes,DEFAULT_SELECTED,AA-like branch handle coupling; side-chain deprotection controlled separately,Selected,vendor/formula normalized; verify CoA,Branch handle reagent MW separated from peptide residue contribution.
Dpr,Branch handle,Fmoc-Dpr(Boc)-OH,426.47,86.09,Yes,No,curated/vendor/formula,Approx Fmoc+Dpr+Boc protected form; verify vendor CoA.,Yes,DEFAULT_SELECTED,AA-like branch handle coupling; side-chain deprotection controlled separately,Selected,vendor/formula normalized; verify CoA,Branch handle reagent MW separated from peptide residue contribution.
Dab,Branch handle,Fmoc-Dab(Boc)-OH,440.49,100.12,Yes,No,curated/vendor/formula,Approx Fmoc+Dab+Boc protected form; verify vendor CoA.,Yes,DEFAULT_SELECTED,AA-like branch handle coupling; side-chain deprotection controlled separately,Selected,vendor/formula normalized; verify CoA,Branch handle reagent MW separated from peptide residue contribution.
Orn,Branch handle,Fmoc-Orn(Boc)-OH,454.52,114.15,Yes,No,curated/vendor/formula,Approx Fmoc+Orn+Boc protected form; verify vendor CoA.,Yes,DEFAULT_SELECTED,AA-like branch handle coupling; side-chain deprotection controlled separately,Selected,vendor/formula normalized; verify CoA,Branch handle reagent MW separated from peptide residue contribution.
dA,D-AA,Fmoc-dA-OH (verify exact protected form),311.29,71.08,Yes,No,engine D_FORM,See L-form,Yes,DEFAULT_SELECTED,standard coupling unit: use selected coupling system,Selected,internal DB / uploaded files,AA-like unit; user-editable.
dC,D-AA,Fmoc-dC-OH (verify exact protected form),585.72,103.14,Yes,No,engine D_FORM,See L-form,Yes,DEFAULT_SELECTED,standard coupling unit: use selected coupling system,Selected,internal DB / uploaded files,AA-like unit; user-editable.
dD,D-AA,Fmoc-dD-OH (verify exact protected form),411.45,115.09,Yes,No,engine D_FORM,See L-form,Yes,DEFAULT_SELECTED,standard coupling unit: use selected coupling system,Selected,internal DB / uploaded files,AA-like unit; user-editable.
dE,D-AA,Fmoc-dE-OH (verify exact protected form),425.48,129.12,Yes,No,engine D_FORM,See L-form,Yes,DEFAULT_SELECTED,standard coupling unit: use selected coupling system,Selected,internal DB / uploaded files,AA-like unit; user-editable.
dF,D-AA,Fmoc-dF-OH (verify exact protected form),387.43,147.18,Yes,No,engine D_FORM,See L-form,Yes,DEFAULT_SELECTED,standard coupling unit: use selected coupling system,Selected,internal DB / uploaded files,AA-like unit; user-editable.
dG,D-AA,Fmoc-dG-OH (verify exact protected form),297.31,57.05,Yes,No,engine D_FORM,See L-form,Yes,DEFAULT_SELECTED,standard coupling unit: use selected coupling system,Selected,internal DB / uploaded files,AA-like unit; user-editable.
dH,D-AA,Fmoc-dH-OH (verify exact protected form),619.72,137.14,Yes,No,engine D_FORM,See L-form,Yes,DEFAULT_SELECTED,standard coupling unit: use selected coupling system,Selected,internal DB / uploaded files,AA-like unit; user-editable.
dI,D-AA,Fmoc-dI-OH (verify exact protected form),353.42,113.16,Yes,No,engine D_FORM,See L-form,Yes,DEFAULT_SELECTED,standard coupling unit: use selected coupling system,Selected,internal DB / uploaded files,AA-like unit; user-editable.
dK,D-AA,Fmoc-dK-OH (verify exact protected form),468.55,128.17,Yes,No,engine D_FORM,See L-form,Yes,DEFAULT_SELECTED,standard coupling unit: use selected coupling system,Selected,internal DB / uploaded files,AA-like unit; user-editable.
dL,D-AA,Fmoc-dL-OH (verify exact protected form),353.42,113.16,Yes,No,engine D_FORM,See L-form,Yes,DEFAULT_SELECTED,standard coupling unit: use selected coupling system,Selected,internal DB / uploaded files,AA-like unit; user-editable.
dM,D-AA,Fmoc-dM-OH (verify exact protected form),371.45,131.20,Yes,No,engine D_FORM,See L-form,Yes,DEFAULT_SELECTED,standard coupling unit: use selected coupling system,Selected,internal DB / uploaded files,AA-like unit; user-editable.
dN,D-AA,Fmoc-dN-OH (verify exact protected form),596.67,114.10,Yes,No,engine D_FORM,See L-form,Yes,DEFAULT_SELECTED,standard coupling unit: use selected coupling system,Selected,internal DB / uploaded files,AA-like unit; user-editable.
dP,D-AA,Fmoc-dP-OH (verify exact protected form),337.37,97.12,Yes,No,engine D_FORM,See L-form,Yes,DEFAULT_SELECTED,standard coupling unit: use selected coupling system,Selected,internal DB / uploaded files,AA-like unit; user-editable.
dQ,D-AA,Fmoc-dQ-OH (verify exact protected form),610.70,128.13,Yes,No,engine D_FORM,See L-form,Yes,DEFAULT_SELECTED,standard coupling unit: use selected coupling system,Selected,internal DB / uploaded files,AA-like unit; user-editable.
dR,D-AA,Fmoc-dR-OH (verify exact protected form),648.77,156.19,Yes,No,engine D_FORM,See L-form,Yes,DEFAULT_SELECTED,standard coupling unit: use selected coupling system,Selected,internal DB / uploaded files,AA-like unit; user-editable.
dS,D-AA,Fmoc-dS-OH (verify exact protected form),383.44,87.08,Yes,No,engine D_FORM,See L-form,Yes,DEFAULT_SELECTED,standard coupling unit: use selected coupling system,Selected,internal DB / uploaded files,AA-like unit; user-editable.
dT,D-AA,Fmoc-dT-OH (verify exact protected form),397.47,101.11,Yes,No,engine D_FORM,See L-form,Yes,DEFAULT_SELECTED,standard coupling unit: use selected coupling system,Selected,internal DB / uploaded files,AA-like unit; user-editable.
dV,D-AA,Fmoc-dV-OH (verify exact protected form),339.39,99.13,Yes,No,engine D_FORM,See L-form,Yes,DEFAULT_SELECTED,standard coupling unit: use selected coupling system,Selected,internal DB / uploaded files,AA-like unit; user-editable.
dW,D-AA,Fmoc-dW-OH (verify exact protected form),526.58,186.21,Yes,No,engine D_FORM,See L-form,Yes,DEFAULT_SELECTED,standard coupling unit: use selected coupling system,Selected,internal DB / uploaded files,AA-like unit; user-editable.
dY,D-AA,Fmoc-dY-OH (verify exact protected form),459.54,163.18,Yes,No,engine D_FORM,See L-form,Yes,DEFAULT_SELECTED,standard coupling unit: use selected coupling system,Selected,internal DB / uploaded files,AA-like unit; user-editable.
Nle,Non-natural AA,Fmoc-Nle-OH (default/proxy; verify protected form),353.41,113.16,Yes,No,formula-normalized proxy,Default Fmoc-protected reagent MW estimated from free amino-acid MW + Fmoc protection; vendor/protecting group may vary.,Yes,DEFAULT_SELECTED,AA-like coupling unit; verify exact protected form,Selected,formula/proxy; verify CoA,"Product contribution is residue mass; reagent MW is default Fmoc-protected proxy, editable."
Nva,Non-natural AA,Fmoc-Nva-OH (default/proxy; verify protected form),339.39,99.13,Yes,No,formula-normalized proxy,Default Fmoc-protected reagent MW estimated from free amino-acid MW + Fmoc protection; vendor/protecting group may vary.,Yes,DEFAULT_SELECTED,AA-like coupling unit; verify exact protected form,Selected,formula/proxy; verify CoA,"Product contribution is residue mass; reagent MW is default Fmoc-protected proxy, editable."
Abu,Non-natural AA,Fmoc-Abu-OH (default/proxy; verify protected form),325.36,85.10,Yes,No,formula-normalized proxy,Default Fmoc-protected reagent MW estimated from free amino-acid MW + Fmoc protection; vendor/protecting group may vary.,Yes,DEFAULT_SELECTED,AA-like coupling unit; verify exact protected form,Selected,formula/proxy; verify CoA,"Product contribution is residue mass; reagent MW is default Fmoc-protected proxy, editable."
Aib,Non-natural AA,Fmoc-Aib-OH (default/proxy; verify protected form),325.36,85.10,Yes,No,formula-normalized proxy,Default Fmoc-protected reagent MW estimated from free amino-acid MW + Fmoc protection; vendor/protecting group may vary.,Yes,DEFAULT_SELECTED,AA-like coupling unit; verify exact protected form,Selected,formula/proxy; verify CoA,"Product contribution is residue mass; reagent MW is default Fmoc-protected proxy, editable."
Sar,Non-natural AA,Fmoc-Sar-OH (default/proxy; verify protected form),311.33,71.08,Yes,No,formula-normalized proxy,Default Fmoc-protected reagent MW estimated from free amino-acid MW + Fmoc protection; vendor/protecting group may vary.,Yes,DEFAULT_SELECTED,AA-like coupling unit; verify exact protected form,Selected,formula/proxy; verify CoA,"Product contribution is residue mass; reagent MW is default Fmoc-protected proxy, editable."
Dap,Non-natural AA,Fmoc-Dap-OH (default/proxy; verify protected form),326.35,86.09,Yes,No,formula-normalized proxy,Default Fmoc-protected reagent MW estimated from free amino-acid MW + Fmoc protection; vendor/protecting group may vary.,Yes,DEFAULT_SELECTED,AA-like coupling unit; verify exact protected form,Selected,formula/proxy; verify CoA,"Product contribution is residue mass; reagent MW is default Fmoc-protected proxy, editable."
Cit,Non-natural AA,Fmoc-Cit-OH (default/proxy; verify protected form),397.43,157.18,Yes,No,formula-normalized proxy,Default Fmoc-protected reagent MW estimated from free amino-acid MW + Fmoc protection; vendor/protecting group may vary.,Yes,DEFAULT_SELECTED,AA-like coupling unit; verify exact protected form,Selected,formula/proxy; verify CoA,"Product contribution is residue mass; reagent MW is default Fmoc-protected proxy, editable."
Hyl,Non-natural AA,Fmoc-Hyl-OH (default/proxy; verify protected form),384.43,144.17,Yes,No,formula-normalized proxy,Default Fmoc-protected reagent MW estimated from free amino-acid MW + Fmoc protection; vendor/protecting group may vary.,Yes,DEFAULT_SELECTED,AA-like coupling unit; verify exact protected form,Selected,formula/proxy; verify CoA,"Product contribution is residue mass; reagent MW is default Fmoc-protected proxy, editable."
Hyp,Non-natural AA,Fmoc-Hyp-OH (default/proxy; verify protected form),353.37,113.11,Yes,No,formula-normalized proxy,Default Fmoc-protected reagent MW estimated from free amino-acid MW + Fmoc protection; vendor/protecting group may vary.,Yes,DEFAULT_SELECTED,AA-like coupling unit; verify exact protected form,Selected,formula/proxy; verify CoA,"Product contribution is residue mass; reagent MW is default Fmoc-protected proxy, editable."
Cha,Non-natural AA,Fmoc-Cha-OH (default/proxy; verify protected form),393.48,153.22,Yes,No,formula-normalized proxy,Default Fmoc-protected reagent MW estimated from free amino-acid MW + Fmoc protection; vendor/protecting group may vary.,Yes,DEFAULT_SELECTED,AA-like coupling unit; verify exact protected form,Selected,formula/proxy; verify CoA,"Product contribution is residue mass; reagent MW is default Fmoc-protected proxy, editable."
Chg,Non-natural AA,Fmoc-Chg-OH (default/proxy; verify protected form),379.45,139.20,Yes,No,formula-normalized proxy,Default Fmoc-protected reagent MW estimated from free amino-acid MW + Fmoc protection; vendor/protecting group may vary.,Yes,DEFAULT_SELECTED,AA-like coupling unit; verify exact protected form,Selected,formula/proxy; verify CoA,"Product contribution is residue mass; reagent MW is default Fmoc-protected proxy, editable."
Tic,Non-natural AA,Fmoc-Tic-OH (default/proxy; verify protected form),399.44,159.19,Yes,No,formula-normalized proxy,Default Fmoc-protected reagent MW estimated from free amino-acid MW + Fmoc protection; vendor/protecting group may vary.,Yes,DEFAULT_SELECTED,AA-like coupling unit; verify exact protected form,Selected,formula/proxy; verify CoA,"Product contribution is residue mass; reagent MW is default Fmoc-protected proxy, editable."
Nal,Non-natural AA,Fmoc-Nal-OH (default/proxy; verify protected form),437.49,197.23,Yes,No,formula-normalized proxy,Default Fmoc-protected reagent MW estimated from free amino-acid MW + Fmoc protection; vendor/protecting group may vary.,Yes,DEFAULT_SELECTED,AA-like coupling unit; verify exact protected form,Selected,formula/proxy; verify CoA,"Product contribution is residue mass; reagent MW is default Fmoc-protected proxy, editable."
Bip,Non-natural AA,Fmoc-Bip-OH (default/proxy; verify protected form),463.53,223.27,Yes,No,formula-normalized proxy,Default Fmoc-protected reagent MW estimated from free amino-acid MW + Fmoc protection; vendor/protecting group may vary.,Yes,DEFAULT_SELECTED,AA-like coupling unit; verify exact protected form,Selected,formula/proxy; verify CoA,"Product contribution is residue mass; reagent MW is default Fmoc-protected proxy, editable."
Phe4F,Non-natural AA,Fmoc-Phe4F-OH (default/proxy; verify protected form),405.42,165.16,Yes,No,formula-normalized proxy,Default Fmoc-protected reagent MW estimated from free amino-acid MW + Fmoc protection; vendor/protecting group may vary.,Yes,DEFAULT_SELECTED,AA-like coupling unit; verify exact protected form,Selected,formula/proxy; verify CoA,"Product contribution is residue mass; reagent MW is default Fmoc-protected proxy, editable."
Phe4Cl,Non-natural AA,Fmoc-Phe4Cl-OH (default/proxy; verify protected form),421.88,181.62,Yes,No,formula-normalized proxy,Default Fmoc-protected reagent MW estimated from free amino-acid MW + Fmoc protection; vendor/protecting group may vary.,Yes,DEFAULT_SELECTED,AA-like coupling unit; verify exact protected form,Selected,formula/proxy; verify CoA,"Product contribution is residue mass; reagent MW is default Fmoc-protected proxy, editable."
Phe4Me,Non-natural AA,Fmoc-Phe4Me-OH (default/proxy; verify protected form),401.46,161.20,Yes,No,formula-normalized proxy,Default Fmoc-protected reagent MW estimated from free amino-acid MW + Fmoc protection; vendor/protecting group may vary.,Yes,DEFAULT_SELECTED,AA-like coupling unit; verify exact protected form,Selected,formula/proxy; verify CoA,"Product contribution is residue mass; reagent MW is default Fmoc-protected proxy, editable."
TyrMe,Non-natural AA,Fmoc-TyrMe-OH (default/proxy; verify protected form),417.46,177.20,Yes,No,formula-normalized proxy,Default Fmoc-protected reagent MW estimated from free amino-acid MW + Fmoc protection; vendor/protecting group may vary.,Yes,DEFAULT_SELECTED,AA-like coupling unit; verify exact protected form,Selected,formula/proxy; verify CoA,"Product contribution is residue mass; reagent MW is default Fmoc-protected proxy, editable."
hArg,Non-natural AA,Fmoc-hArg-OH (default/proxy; verify protected form),410.47,170.22,Yes,No,formula-normalized proxy,Default Fmoc-protected reagent MW estimated from free amino-acid MW + Fmoc protection; vendor/protecting group may vary.,Yes,DEFAULT_SELECTED,AA-like coupling unit; verify exact protected form,Selected,formula/proxy; verify CoA,"Product contribution is residue mass; reagent MW is default Fmoc-protected proxy, editable."
hLys,Non-natural AA,Fmoc-hLys-OH (default/proxy; verify protected form),382.46,142.20,Yes,No,formula-normalized proxy,Default Fmoc-protected reagent MW estimated from free amino-acid MW + Fmoc protection; vendor/protecting group may vary.,Yes,DEFAULT_SELECTED,AA-like coupling unit; verify exact protected form,Selected,formula/proxy; verify CoA,"Product contribution is residue mass; reagent MW is default Fmoc-protected proxy, editable."
MeAla,Non-natural AA,Fmoc-MeAla-OH (default/proxy; verify protected form),325.36,85.10,Yes,No,formula-normalized proxy,Default Fmoc-protected reagent MW estimated from free amino-acid MW + Fmoc protection; vendor/protecting group may vary.,Yes,DEFAULT_SELECTED,AA-like coupling unit; verify exact protected form,Selected,formula/proxy; verify CoA,"Product contribution is residue mass; reagent MW is default Fmoc-protected proxy, editable."
MeGly,Non-natural AA,Fmoc-MeGly-OH (default/proxy; verify protected form),311.33,71.08,Yes,No,formula-normalized proxy,Default Fmoc-protected reagent MW estimated from free amino-acid MW + Fmoc protection; vendor/protecting group may vary.,Yes,DEFAULT_SELECTED,AA-like coupling unit; verify exact protected form,Selected,formula/proxy; verify CoA,"Product contribution is residue mass; reagent MW is default Fmoc-protected proxy, editable."
MeLeu,Non-natural AA,Fmoc-MeLeu-OH (default/proxy; verify protected form),367.44,127.19,Yes,No,formula-normalized proxy,Default Fmoc-protected reagent MW estimated from free amino-acid MW + Fmoc protection; vendor/protecting group may vary.,Yes,DEFAULT_SELECTED,AA-like coupling unit; verify exact protected form,Selected,formula/proxy; verify CoA,"Product contribution is residue mass; reagent MW is default Fmoc-protected proxy, editable."
MePhe,Non-natural AA,Fmoc-MePhe-OH (default/proxy; verify protected form),401.46,161.20,Yes,No,formula-normalized proxy,Default Fmoc-protected reagent MW estimated from free amino-acid MW + Fmoc protection; vendor/protecting group may vary.,Yes,DEFAULT_SELECTED,AA-like coupling unit; verify exact protected form,Selected,formula/proxy; verify CoA,"Product contribution is residue mass; reagent MW is default Fmoc-protected proxy, editable."
MeVal,Non-natural AA,Fmoc-MeVal-OH (default/proxy; verify protected form),353.41,113.16,Yes,No,formula-normalized proxy,Default Fmoc-protected reagent MW estimated from free amino-acid MW + Fmoc protection; vendor/protecting group may vary.,Yes,DEFAULT_SELECTED,AA-like coupling unit; verify exact protected form,Selected,formula/proxy; verify CoA,"Product contribution is residue mass; reagent MW is default Fmoc-protected proxy, editable."
Sec,Non-natural AA,Fmoc-Sec-OH (default/proxy; verify protected form),390.30,150.05,Yes,No,formula-normalized proxy,Default Fmoc-protected reagent MW estimated from free amino-acid MW + Fmoc protection; vendor/protecting group may vary.,Yes,DEFAULT_SELECTED,AA-like coupling unit; verify exact protected form,Selected,formula/proxy; verify CoA,"Product contribution is residue mass; reagent MW is default Fmoc-protected proxy, editable."
Pen,Non-natural AA,Fmoc-Pen-OH (default/proxy; verify protected form),371.45,131.20,Yes,No,formula-normalized proxy,Default Fmoc-protected reagent MW estimated from free amino-acid MW + Fmoc protection; vendor/protecting group may vary.,Yes,DEFAULT_SELECTED,AA-like coupling unit; verify exact protected form,Selected,formula/proxy; verify CoA,"Product contribution is residue mass; reagent MW is default Fmoc-protected proxy, editable."
Pra,Non-natural AA,Fmoc-Pra-OH (default/proxy; verify protected form),347.37,107.11,Yes,No,formula-normalized proxy,Default Fmoc-protected reagent MW estimated from free amino-acid MW + Fmoc protection; vendor/protecting group may vary.,Yes,DEFAULT_SELECTED,AA-like coupling unit; verify exact protected form,Selected,formula/proxy; verify CoA,"Product contribution is residue mass; reagent MW is default Fmoc-protected proxy, editable."
Pal,N-term modifier,Palmitic acid / palmitoyl coupling,256.43,238.41,Yes,Yes,curated formula/PubChem/vendor-normalized,Palmitic acid reagent MW 256.43; palmitoyl product contribution acid-H2O.,Yes,ACID_DIC_HOBT,reagent_mw is material usage; product_contribution_mw is final peptide residue/cap mass,DIC/HOBt,PubChem/formula/vendor normalized; verify CoA for salts/hydrates,Verified/default row; vendor form can override.
Myr,N-term modifier,Myristic acid / myristoyl coupling,228.37,210.36,Yes,Yes,curated formula/PubChem/vendor-normalized,Myristic acid reagent MW 228.37; myristoyl product contribution acid-H2O.,Yes,ACID_DIC_HOBT,reagent_mw is material usage; product_contribution_mw is final peptide residue/cap mass,DIC/HOBt,PubChem/formula/vendor normalized; verify CoA for salts/hydrates,Verified/default row; vendor form can override.
Stear,N-term modifier,Stearic acid / stearoyl coupling,284.48,266.46,Yes,Yes,curated formula/PubChem/vendor-normalized,Stearic acid reagent MW 284.48; stearoyl product contribution acid-H2O.,Yes,ACID_DIC_HOBT,reagent_mw is material usage; product_contribution_mw is final peptide residue/cap mass,DIC/HOBt,PubChem/formula/vendor normalized; verify CoA for salts/hydrates,Verified/default row; vendor form can override.
Ole,N-term modifier,Oleic acid / oleoyl coupling,282.46,264.45,Yes,Yes,curated formula/PubChem/vendor-normalized,Oleic acid reagent MW 282.46; oleoyl product contribution acid-H2O.,Yes,ACID_DIC_HOBT,reagent_mw is material usage; product_contribution_mw is final peptide residue/cap mass,DIC/HOBt,PubChem/formula/vendor normalized; verify CoA for salts/hydrates,Verified/default row; vendor form can override.
Chol,N-term modifier,Chol,386.65,,Yes,Yes,engine CONFIG.BASE_CHEM_TYPES,N-term only when terminal rule is strict | MW approx; verify exact reagent/salt,Yes,CONTROL,terminal/control or inactive,,internal,No reagent calculation unless Counts=Yes. | Product contribution manual-required; attachment chemistry/form not unique.
Nic,N-term modifier,Nicotinic acid / nicotinoyl coupling,123.11,105.09,Yes,Yes,curated formula/PubChem/vendor-normalized,Nicotinic acid reagent MW 123.11; nicotinoyl product contribution approx acid-H2O.,Yes,ACID_DIC_HOBT,reagent_mw is material usage; product_contribution_mw is final peptide residue/cap mass,DIC/HOBt,PubChem/formula/vendor normalized; verify CoA for salts/hydrates,Verified/default row; vendor form can override.
Caf,N-term modifier,Caffeic acid / caffeoyl coupling,180.16,162.14,Yes,Yes,curated formula/PubChem/vendor-normalized,Caffeic acid reagent MW 180.16; caffeoyl product contribution approx acid-H2O.,Yes,ACID_DIC_HOBT,reagent_mw is material usage; product_contribution_mw is final peptide residue/cap mass,DIC/HOBt,PubChem/formula/vendor normalized; verify CoA for salts/hydrates,Verified/default row; vendor form can override.
Gal,N-term modifier,Gallic acid / galloyl coupling,170.12,152.10,Yes,Yes,curated formula/PubChem/vendor-normalized,Gallic acid reagent MW 170.12; galloyl product contribution approx acid-H2O.,Yes,ACID_DIC_HOBT,reagent_mw is material usage; product_contribution_mw is final peptide residue/cap mass,DIC/HOBt,PubChem/formula/vendor normalized; verify CoA for salts/hydrates,Verified/default row; vendor form can override.
Ac,N-term modifier,Acetic anhydride (Ac2O) for N-terminal acetylation,102.09,42.04,Yes,Yes,curated formula/PubChem/vendor-normalized,Default Ac uses Ac2O reagent MW for material usage; final peptide mass contribution is acetyl residue +42.04 Da.,Yes,AC2O_DIEA,reagent_mw is material usage; product_contribution_mw is final peptide residue/cap mass,DIEA,PubChem/formula/vendor normalized; verify CoA for salts/hydrates,Verified/default row; vendor form can override.
Bz,N-term modifier,Benzoic acid / benzoyl coupling,122.12,104.11,Yes,Yes,curated formula/PubChem/vendor-normalized,Benzoic acid reagent MW 122.12; product contribution acid-H2O.,Yes,ACID_DIC_HOBT,reagent_mw is material usage; product_contribution_mw is final peptide residue/cap mass,DIC/HOBt,PubChem/formula/vendor normalized; verify CoA for salts/hydrates,Verified/default row; vendor form can override.
Fmoc,N-term modifier,Fmoc,,222.24,Yes,Yes,engine CONFIG.BASE_CHEM_TYPES,N-term only when terminal rule is strict | MW user-editable/verify CoA,Yes,CONTROL,terminal/control or inactive,,internal,No reagent calculation unless Counts=Yes. | Reagent MW manual-required; exact vendor form not unique.
Boc,N-term modifier,Boc,,100.12,Yes,Yes,engine CONFIG.BASE_CHEM_TYPES,N-term only when terminal rule is strict | MW user-editable/verify CoA,Yes,CONTROL,terminal/control or inactive,,internal,No reagent calculation unless Counts=Yes. | Reagent MW manual-required; exact vendor form not unique.
Succinyl,N-term modifier,Succinic anhydride route / succinyl cap,100.07,100.07,Yes,Yes,curated formula/PubChem/vendor-normalized,Succinylation default uses succinic anhydride MW 100.07; product contribution is succinyl residue +100.07.,Yes,ANHYDRIDE_BASE,reagent_mw is material usage; product_contribution_mw is final peptide residue/cap mass,DIEA/DMAP optional,PubChem/formula/vendor normalized; verify CoA for salts/hydrates,Verified/default row; vendor form can override.
Maleimide,N-term modifier,Maleimide generic / vendor-form required,,,Yes,Yes,manual-required policy,Generic dye/click/quencher token is vendor/form-specific; no exact MW assigned to prevent wrong material/MW calculation. Add specific acid/NHS/salt row from CoA.,Yes,MANUAL_REQUIRED,excluded from exact material/product MW until form-specific row is selected,Manual,vendor CoA required,MANUAL_REQUIRED: do not use generic token for exact calculation.
Azide,N-term modifier,Azide generic / vendor-form required,,,Yes,Yes,manual-required policy,Generic dye/click/quencher token is vendor/form-specific; no exact MW assigned to prevent wrong material/MW calculation. Add specific acid/NHS/salt row from CoA.,Yes,MANUAL_REQUIRED,excluded from exact material/product MW until form-specific row is selected,Manual,vendor CoA required,MANUAL_REQUIRED: do not use generic token for exact calculation.
Alkyne,N-term modifier,Alkyne generic / vendor-form required,,,Yes,Yes,manual-required policy,Generic dye/click/quencher token is vendor/form-specific; no exact MW assigned to prevent wrong material/MW calculation. Add specific acid/NHS/salt row from CoA.,Yes,MANUAL_REQUIRED,excluded from exact material/product MW until form-specific row is selected,Manual,vendor CoA required,MANUAL_REQUIRED: do not use generic token for exact calculation.
DBCO,N-term modifier,DBCO generic / vendor-form required,,,Yes,Yes,manual-required policy,Generic dye/click/quencher token is vendor/form-specific; no exact MW assigned to prevent wrong material/MW calculation. Add specific acid/NHS/salt row from CoA.,Yes,MANUAL_REQUIRED,excluded from exact material/product MW until form-specific row is selected,Manual,vendor CoA required,MANUAL_REQUIRED: do not use generic token for exact calculation.
TCO,N-term modifier,TCO generic / vendor-form required,,,Yes,Yes,manual-required policy,Generic dye/click/quencher token is vendor/form-specific; no exact MW assigned to prevent wrong material/MW calculation. Add specific acid/NHS/salt row from CoA.,Yes,MANUAL_REQUIRED,excluded from exact material/product MW until form-specific row is selected,Manual,vendor CoA required,MANUAL_REQUIRED: do not use generic token for exact calculation.
Tetrazine,N-term modifier,Tetrazine generic / vendor-form required,,,Yes,Yes,manual-required policy,Generic dye/click/quencher token is vendor/form-specific; no exact MW assigned to prevent wrong material/MW calculation. Add specific acid/NHS/salt row from CoA.,Yes,MANUAL_REQUIRED,excluded from exact material/product MW until form-specific row is selected,Manual,vendor CoA required,MANUAL_REQUIRED: do not use generic token for exact calculation.
BiotinCap,N-term modifier,BiotinCap,,226.30,Yes,Yes,engine CONFIG.BASE_CHEM_TYPES,N-term only when terminal rule is strict | MW user-editable/verify CoA,Yes,ACID_DIC_HOBT,carboxylic acid modifier/label/linker: DIC/HOBt like AA; base=0,DIC/HOBt,https://www.peptide.com/resources/solid-phase-peptide-synthesis/,"AA-like acid coupling, default DIC/HOBt; verify exact reagent form. | Reagent MW manual-required; exact vendor form not unique."
Palmitic acid,N-term modifier,Palmitic acid / palmitoyl coupling,256.43,238.41,Yes,Yes,curated formula/PubChem/vendor-normalized,Alias of Pal.,Yes,ACID_DIC_HOBT,reagent_mw is material usage; product_contribution_mw is final peptide residue/cap mass,DIC/HOBt,PubChem/formula/vendor normalized; verify CoA for salts/hydrates,Verified/default row; vendor form can override.
Palmitoyl,N-term modifier,Palmitic acid / palmitoyl coupling,256.43,238.41,Yes,Yes,curated formula/PubChem/vendor-normalized,Alias of Pal.,Yes,ACID_DIC_HOBT,reagent_mw is material usage; product_contribution_mw is final peptide residue/cap mass,DIC/HOBt,PubChem/formula/vendor normalized; verify CoA for salts/hydrates,Verified/default row; vendor form can override.
Myristic acid,N-term modifier,Myristic acid / myristoyl coupling,228.37,210.36,Yes,Yes,curated formula/PubChem/vendor-normalized,Alias of Myr.,Yes,ACID_DIC_HOBT,reagent_mw is material usage; product_contribution_mw is final peptide residue/cap mass,DIC/HOBt,PubChem/formula/vendor normalized; verify CoA for salts/hydrates,Verified/default row; vendor form can override.
Myristoyl,N-term modifier,Myristic acid / myristoyl coupling,228.37,210.36,Yes,Yes,curated formula/PubChem/vendor-normalized,Alias of Myr.,Yes,ACID_DIC_HOBT,reagent_mw is material usage; product_contribution_mw is final peptide residue/cap mass,DIC/HOBt,PubChem/formula/vendor normalized; verify CoA for salts/hydrates,Verified/default row; vendor form can override.
Stearic acid,N-term modifier,Stearic acid / stearoyl coupling,284.48,266.46,Yes,Yes,curated formula/PubChem/vendor-normalized,Alias of Stear.,Yes,ACID_DIC_HOBT,reagent_mw is material usage; product_contribution_mw is final peptide residue/cap mass,DIC/HOBt,PubChem/formula/vendor normalized; verify CoA for salts/hydrates,Verified/default row; vendor form can override.
Oleic acid,N-term modifier,Oleic acid / oleoyl coupling,282.46,264.45,Yes,Yes,curated formula/PubChem/vendor-normalized,Alias of Ole.,Yes,ACID_DIC_HOBT,reagent_mw is material usage; product_contribution_mw is final peptide residue/cap mass,DIC/HOBt,PubChem/formula/vendor normalized; verify CoA for salts/hydrates,Verified/default row; vendor form can override.
Galloyl,N-term modifier,Gallic acid / galloyl coupling,170.12,152.10,Yes,Yes,curated formula/PubChem/vendor-normalized,Alias of Gal; acid coupling.,Yes,ACID_DIC_HOBT,reagent_mw is material usage; product_contribution_mw is final peptide residue/cap mass,DIC/HOBt,PubChem/formula/vendor normalized; verify CoA for salts/hydrates,Verified/default row; vendor form can override.
Biotin,Label,Biotin acid / default biotinylation acid form,244.31,226.30,Yes,Yes,curated/form-specific policy,Alias of Biotin acid default. Use Biotin-NHS row when NHS ester is used.,Yes,ACID_DIC_HOBT,label treated as terminal chemical modifier; exact reagent form controls reagent MW,DIC/HOBt,vendor/PubChem/formula; verify CoA,Form-specific rows preferred. Generic rows are manual-required for material usage.
FITC,Label,FITC isothiocyanate,389.38,389.38,Yes,Yes,curated/form-specific policy,FITC label form; verify isomer and vendor form.,Yes,ISOTHIOCYANATE_BASE,label treated as terminal chemical modifier; exact reagent form controls reagent MW,DIEA/base,vendor/PubChem/formula; verify CoA,Form-specific rows preferred. Generic rows are manual-required for material usage.
NONE,Label,NONE,,0.00,Yes,Yes,engine CONFIG.LABEL_TYPES,N-term only when terminal rule is strict | MW user-editable/verify CoA,Yes,CONTROL,terminal/control or inactive,,internal,No reagent calculation unless Counts=Yes. | Reagent MW manual-required; exact vendor form not unique.
BIOTIN,Label,BIOTIN,,226.30,Yes,Yes,engine CONFIG.LABEL_TYPES,N-term only when terminal rule is strict | MW user-editable/verify CoA,Yes,ACID_DIC_HOBT,carboxylic acid modifier/label/linker: DIC/HOBt like AA; base=0,DIC/HOBt,https://www.peptide.com/resources/solid-phase-peptide-synthesis/,"AA-like acid coupling, default DIC/HOBt; verify exact reagent form. | Reagent MW manual-required; exact vendor form not unique."
Desthiobiotin,Label,Desthiobiotin,,210.30,Yes,Yes,engine CONFIG.LABEL_TYPES,N-term only when terminal rule is strict | MW user-editable/verify CoA,Yes,CONTROL,terminal/control or inactive,,internal,No reagent calculation unless Counts=Yes. | Reagent MW manual-required; exact vendor form not unique.
FAM,Label,"FAM generic: choose 5-FAM, 6-FAM, or FAM-NHS for exact reagent",,358.31,Yes,Yes,curated/form-specific policy,Generic FAM product contribution uses carboxyfluorescein acyl residue; exact reagent MW requires form-specific row.,Yes,MANUAL_REQUIRED,label treated as terminal chemical modifier; exact reagent form controls reagent MW,Manual,vendor/PubChem/formula; verify CoA,Form-specific rows preferred. Generic rows are manual-required for material usage.
TAMRA,Label,"TAMRA generic: choose 5-TAMRA, 6-TAMRA, or TAMRA-NHS for exact reagent",,412.45,Yes,Yes,curated/form-specific policy,Generic TAMRA product contribution uses TAMRA acyl residue; exact reagent MW requires form-specific row.,Yes,MANUAL_REQUIRED,label treated as terminal chemical modifier; exact reagent form controls reagent MW,Manual,vendor/PubChem/formula; verify CoA,Form-specific rows preferred. Generic rows are manual-required for material usage.
ROX,Label,ROX generic / vendor-form required,,,Yes,Yes,manual-required policy,Generic dye/click/quencher token is vendor/form-specific; no exact MW assigned to prevent wrong material/MW calculation. Add specific acid/NHS/salt row from CoA.,Yes,MANUAL_REQUIRED,excluded from exact material/product MW until form-specific row is selected,Manual,vendor CoA required,MANUAL_REQUIRED: do not use generic token for exact calculation.
CY3,Label,CY3 generic / vendor-form required,,,Yes,Yes,manual-required policy,Generic dye/click/quencher token is vendor/form-specific; no exact MW assigned to prevent wrong material/MW calculation. Add specific acid/NHS/salt row from CoA.,Yes,MANUAL_REQUIRED,excluded from exact material/product MW until form-specific row is selected,Manual,vendor CoA required,MANUAL_REQUIRED: do not use generic token for exact calculation.
CY5,Label,CY5 generic / vendor-form required,,,Yes,Yes,manual-required policy,Generic dye/click/quencher token is vendor/form-specific; no exact MW assigned to prevent wrong material/MW calculation. Add specific acid/NHS/salt row from CoA.,Yes,MANUAL_REQUIRED,excluded from exact material/product MW until form-specific row is selected,Manual,vendor CoA required,MANUAL_REQUIRED: do not use generic token for exact calculation.
CY5_5,Label,CY5_5 generic / vendor-form required,,,Yes,Yes,manual-required policy,Generic dye/click/quencher token is vendor/form-specific; no exact MW assigned to prevent wrong material/MW calculation. Add specific acid/NHS/salt row from CoA.,Yes,MANUAL_REQUIRED,excluded from exact material/product MW until form-specific row is selected,Manual,vendor CoA required,MANUAL_REQUIRED: do not use generic token for exact calculation.
CY7,Label,CY7 generic / vendor-form required,,,Yes,Yes,manual-required policy,Generic dye/click/quencher token is vendor/form-specific; no exact MW assigned to prevent wrong material/MW calculation. Add specific acid/NHS/salt row from CoA.,Yes,MANUAL_REQUIRED,excluded from exact material/product MW until form-specific row is selected,Manual,vendor CoA required,MANUAL_REQUIRED: do not use generic token for exact calculation.
Alexa488,Label,Alexa488 generic / vendor-form required,,,Yes,Yes,manual-required policy,Generic dye/click/quencher token is vendor/form-specific; no exact MW assigned to prevent wrong material/MW calculation. Add specific acid/NHS/salt row from CoA.,Yes,MANUAL_REQUIRED,excluded from exact material/product MW until form-specific row is selected,Manual,vendor CoA required,MANUAL_REQUIRED: do not use generic token for exact calculation.
Alexa555,Label,Alexa555 generic / vendor-form required,,,Yes,Yes,manual-required policy,Generic dye/click/quencher token is vendor/form-specific; no exact MW assigned to prevent wrong material/MW calculation. Add specific acid/NHS/salt row from CoA.,Yes,MANUAL_REQUIRED,excluded from exact material/product MW until form-specific row is selected,Manual,vendor CoA required,MANUAL_REQUIRED: do not use generic token for exact calculation.
Alexa647,Label,Alexa647 generic / vendor-form required,,,Yes,Yes,manual-required policy,Generic dye/click/quencher token is vendor/form-specific; no exact MW assigned to prevent wrong material/MW calculation. Add specific acid/NHS/salt row from CoA.,Yes,MANUAL_REQUIRED,excluded from exact material/product MW until form-specific row is selected,Manual,vendor CoA required,MANUAL_REQUIRED: do not use generic token for exact calculation.
DOTA,Label,DOTA generic: choose DOTA-tris(tBu) or DOTA-NHS for exact reagent,,,Yes,Yes,curated/form-specific policy,Generic DOTA is ambiguous; use form-specific DOTA row.,Yes,MANUAL_REQUIRED,label treated as terminal chemical modifier; exact reagent form controls reagent MW,Manual,vendor/PubChem/formula; verify CoA,Form-specific rows preferred. Generic rows are manual-required for material usage.
NOTA,Label,NOTA generic: choose NOTA-NHS or exact NOTA acid/protected form,,,Yes,Yes,curated/form-specific policy,Generic NOTA is ambiguous; use form-specific NOTA row.,Yes,MANUAL_REQUIRED,label treated as terminal chemical modifier; exact reagent form controls reagent MW,Manual,vendor/PubChem/formula; verify CoA,Form-specific rows preferred. Generic rows are manual-required for material usage.
DFO,Label,DFO generic / vendor-form required,,,Yes,Yes,manual-required policy,Generic dye/click/quencher token is vendor/form-specific; no exact MW assigned to prevent wrong material/MW calculation. Add specific acid/NHS/salt row from CoA.,Yes,MANUAL_REQUIRED,excluded from exact material/product MW until form-specific row is selected,Manual,vendor CoA required,MANUAL_REQUIRED: do not use generic token for exact calculation.
NBD,Label,NBD generic / vendor-form required,,,Yes,Yes,manual-required policy,Generic dye/click/quencher token is vendor/form-specific; no exact MW assigned to prevent wrong material/MW calculation. Add specific acid/NHS/salt row from CoA.,Yes,MANUAL_REQUIRED,excluded from exact material/product MW until form-specific row is selected,Manual,vendor CoA required,MANUAL_REQUIRED: do not use generic token for exact calculation.
Dansyl,Label,Dansyl generic / vendor-form required,,,Yes,Yes,manual-required policy,Generic dye/click/quencher token is vendor/form-specific; no exact MW assigned to prevent wrong material/MW calculation. Add specific acid/NHS/salt row from CoA.,Yes,MANUAL_REQUIRED,excluded from exact material/product MW until form-specific row is selected,Manual,vendor CoA required,MANUAL_REQUIRED: do not use generic token for exact calculation.
BODIPY,Label,BODIPY generic / vendor-form required,,,Yes,Yes,manual-required policy,Generic dye/click/quencher token is vendor/form-specific; no exact MW assigned to prevent wrong material/MW calculation. Add specific acid/NHS/salt row from CoA.,Yes,MANUAL_REQUIRED,excluded from exact material/product MW until form-specific row is selected,Manual,vendor CoA required,MANUAL_REQUIRED: do not use generic token for exact calculation.
EDANS,Label,EDANS generic / vendor-form required,,,Yes,Yes,manual-required policy,Generic dye/click/quencher token is vendor/form-specific; no exact MW assigned to prevent wrong material/MW calculation. Add specific acid/NHS/salt row from CoA.,Yes,MANUAL_REQUIRED,excluded from exact material/product MW until form-specific row is selected,Manual,vendor CoA required,MANUAL_REQUIRED: do not use generic token for exact calculation.
Dabcyl,Label,Dabcyl generic / vendor-form required,,,Yes,Yes,manual-required policy,Generic dye/click/quencher token is vendor/form-specific; no exact MW assigned to prevent wrong material/MW calculation. Add specific acid/NHS/salt row from CoA.,Yes,MANUAL_REQUIRED,excluded from exact material/product MW until form-specific row is selected,Manual,vendor CoA required,MANUAL_REQUIRED: do not use generic token for exact calculation.
BHQ1,Label,BHQ1 generic / vendor-form required,,,Yes,Yes,manual-required policy,Generic dye/click/quencher token is vendor/form-specific; no exact MW assigned to prevent wrong material/MW calculation. Add specific acid/NHS/salt row from CoA.,Yes,MANUAL_REQUIRED,excluded from exact material/product MW until form-specific row is selected,Manual,vendor CoA required,MANUAL_REQUIRED: do not use generic token for exact calculation.
BHQ2,Label,BHQ2 generic / vendor-form required,,,Yes,Yes,manual-required policy,Generic dye/click/quencher token is vendor/form-specific; no exact MW assigned to prevent wrong material/MW calculation. Add specific acid/NHS/salt row from CoA.,Yes,MANUAL_REQUIRED,excluded from exact material/product MW until form-specific row is selected,Manual,vendor CoA required,MANUAL_REQUIRED: do not use generic token for exact calculation.
His6,Tag,His6 peptide tag macro (HHHHHH),,822.84,Yes,Yes,sequence-derived residue mass,Tag product contribution calculated from residue masses. No single reagent MW because tag is normally synthesized residue-by-residue unless prebuilt tag reagent is used.,Yes,MACRO_SEQUENCE_MANUAL_MATERIALS,product MW included; material usage requires expanded sequence or manual reagent form,Expand macro / Manual,internal residue mass calculation,Tag macro: product MW known; reagent MW manual unless a prebuilt tag reagent is selected.
His8,Tag,His8 peptide tag macro (HHHHHHHH),,1097.12,Yes,Yes,sequence-derived residue mass,Tag product contribution calculated from residue masses. No single reagent MW because tag is normally synthesized residue-by-residue unless prebuilt tag reagent is used.,Yes,MACRO_SEQUENCE_MANUAL_MATERIALS,product MW included; material usage requires expanded sequence or manual reagent form,Expand macro / Manual,internal residue mass calculation,Tag macro: product MW known; reagent MW manual unless a prebuilt tag reagent is selected.
His10,Tag,His10 peptide tag macro (HHHHHHHHHH),,1371.40,Yes,Yes,sequence-derived residue mass,Tag product contribution calculated from residue masses. No single reagent MW because tag is normally synthesized residue-by-residue unless prebuilt tag reagent is used.,Yes,MACRO_SEQUENCE_MANUAL_MATERIALS,product MW included; material usage requires expanded sequence or manual reagent form,Expand macro / Manual,internal residue mass calculation,Tag macro: product MW known; reagent MW manual unless a prebuilt tag reagent is selected.
FLAG,Tag,FLAG peptide tag macro (DYKDDDDK),,994.97,Yes,Yes,sequence-derived residue mass,Tag product contribution calculated from residue masses. No single reagent MW because tag is normally synthesized residue-by-residue unless prebuilt tag reagent is used.,Yes,MACRO_SEQUENCE_MANUAL_MATERIALS,product MW included; material usage requires expanded sequence or manual reagent form,Expand macro / Manual,internal residue mass calculation,Tag macro: product MW known; reagent MW manual unless a prebuilt tag reagent is selected.
HA,Tag,HA peptide tag macro (YPYDVPDYA),,1084.17,Yes,Yes,sequence-derived residue mass,Tag product contribution calculated from residue masses. No single reagent MW because tag is normally synthesized residue-by-residue unless prebuilt tag reagent is used.,Yes,MACRO_SEQUENCE_MANUAL_MATERIALS,product MW included; material usage requires expanded sequence or manual reagent form,Expand macro / Manual,internal residue mass calculation,Tag macro: product MW known; reagent MW manual unless a prebuilt tag reagent is selected.
Myc,Tag,Myc peptide tag macro (EQKLISEEDL),,1185.31,Yes,Yes,sequence-derived residue mass,Tag product contribution calculated from residue masses. No single reagent MW because tag is normally synthesized residue-by-residue unless prebuilt tag reagent is used.,Yes,MACRO_SEQUENCE_MANUAL_MATERIALS,product MW included; material usage requires expanded sequence or manual reagent form,Expand macro / Manual,internal residue mass calculation,Tag macro: product MW known; reagent MW manual unless a prebuilt tag reagent is selected.
StrepII,Tag,StrepII peptide tag macro (WSHPQFEK),,1040.15,Yes,Yes,sequence-derived residue mass,Tag product contribution calculated from residue masses. No single reagent MW because tag is normally synthesized residue-by-residue unless prebuilt tag reagent is used.,Yes,MACRO_SEQUENCE_MANUAL_MATERIALS,product MW included; material usage requires expanded sequence or manual reagent form,Expand macro / Manual,internal residue mass calculation,Tag macro: product MW known; reagent MW manual unless a prebuilt tag reagent is selected.
TwinStrep,Tag,TwinStrep peptide tag macro (WSHPQFEKGGGSGGGSGGSAWSHPQFEK),,2869.02,Yes,Yes,sequence-derived residue mass,Approx common TwinStrep macro product contribution. No single reagent MW; expand macro for material usage.,Yes,MACRO_SEQUENCE_MANUAL_MATERIALS,product MW included; material usage requires expanded sequence or manual reagent form,Expand macro / Manual,internal residue mass calculation,Macro tag; verify exact tag sequence if different.
V5,Tag,V5 peptide tag macro (GKPIPNPLLGLDST),,1403.65,Yes,Yes,sequence-derived residue mass,Tag product contribution calculated from residue masses. No single reagent MW because tag is normally synthesized residue-by-residue unless prebuilt tag reagent is used.,Yes,MACRO_SEQUENCE_MANUAL_MATERIALS,product MW included; material usage requires expanded sequence or manual reagent form,Expand macro / Manual,internal residue mass calculation,Tag macro: product MW known; reagent MW manual unless a prebuilt tag reagent is selected.
T7,Tag,T7 peptide tag macro (MASMTGGQQMG),,1080.28,Yes,Yes,sequence-derived residue mass,Tag product contribution calculated from residue masses. No single reagent MW because tag is normally synthesized residue-by-residue unless prebuilt tag reagent is used.,Yes,MACRO_SEQUENCE_MANUAL_MATERIALS,product MW included; material usage requires expanded sequence or manual reagent form,Expand macro / Manual,internal residue mass calculation,Tag macro: product MW known; reagent MW manual unless a prebuilt tag reagent is selected.
ALFA,Tag,ALFA peptide tag macro (SRLEEELRRRLTE),,1668.91,Yes,Yes,sequence-derived residue mass,Tag product contribution calculated from residue masses. No single reagent MW because tag is normally synthesized residue-by-residue unless prebuilt tag reagent is used.,Yes,MACRO_SEQUENCE_MANUAL_MATERIALS,product MW included; material usage requires expanded sequence or manual reagent form,Expand macro / Manual,internal residue mass calculation,Tag macro: product MW known; reagent MW manual unless a prebuilt tag reagent is selected.
AviTag,Tag,AviTag peptide tag macro (GLNDIFEAQKIEWHE),,1810.99,Yes,Yes,sequence-derived residue mass,Tag product contribution calculated from residue masses. No single reagent MW because tag is normally synthesized residue-by-residue unless prebuilt tag reagent is used.,Yes,MACRO_SEQUENCE_MANUAL_MATERIALS,product MW included; material usage requires expanded sequence or manual reagent form,Expand macro / Manual,internal residue mass calculation,Tag macro: product MW known; reagent MW manual unless a prebuilt tag reagent is selected.
SpyTag,Tag,SpyTag peptide tag macro (AHIVMVDAYKPTK),,1454.76,Yes,Yes,sequence-derived residue mass,Tag product contribution calculated from residue masses. No single reagent MW because tag is normally synthesized residue-by-residue unless prebuilt tag reagent is used.,Yes,MACRO_SEQUENCE_MANUAL_MATERIALS,product MW included; material usage requires expanded sequence or manual reagent form,Expand macro / Manual,internal residue mass calculation,Tag macro: product MW known; reagent MW manual unless a prebuilt tag reagent is selected.
Gly,Linker,Gly sequence linker macro,,57.05,Yes,No,sequence-derived residue mass,AA sequence macro; product contribution is residue-mass sum. Use expanded residues for exact material usage.,Yes,AA_LIKE_MACRO_LINKER,AA-like linker; product MW included; material usage requires expanded residues unless a single reagent is defined,Expand macro / Selected,internal residue mass calculation,AA-like linker macro; not a single reagent.
GG,Linker,GG sequence linker macro,,114.10,Yes,No,sequence-derived residue mass,AA sequence macro; product contribution is residue-mass sum. Use expanded residues for exact material usage.,Yes,AA_LIKE_MACRO_LINKER,AA-like linker; product MW included; material usage requires expanded residues unless a single reagent is defined,Expand macro / Selected,internal residue mass calculation,AA-like linker macro; not a single reagent.
GGG,Linker,GGG sequence linker macro,,171.15,Yes,No,sequence-derived residue mass,AA sequence macro; product contribution is residue-mass sum. Use expanded residues for exact material usage.,Yes,AA_LIKE_MACRO_LINKER,AA-like linker; product MW included; material usage requires expanded residues unless a single reagent is defined,Expand macro / Selected,internal residue mass calculation,AA-like linker macro; not a single reagent.
GS,Linker,GS sequence linker macro,,144.13,Yes,No,sequence-derived residue mass,AA sequence macro; product contribution is residue-mass sum. Use expanded residues for exact material usage.,Yes,AA_LIKE_MACRO_LINKER,AA-like linker; product MW included; material usage requires expanded residues unless a single reagent is defined,Expand macro / Selected,internal residue mass calculation,AA-like linker macro; not a single reagent.
GSG,Linker,GSG sequence linker macro,,201.18,Yes,No,sequence-derived residue mass,AA sequence macro; product contribution is residue-mass sum. Use expanded residues for exact material usage.,Yes,AA_LIKE_MACRO_LINKER,AA-like linker; product MW included; material usage requires expanded residues unless a single reagent is defined,Expand macro / Selected,internal residue mass calculation,AA-like linker macro; not a single reagent.
G4S,Linker,G4S sequence linker macro,,315.28,Yes,No,sequence-derived residue mass,AA sequence macro; product contribution is residue-mass sum. Use expanded residues for exact material usage.,Yes,AA_LIKE_MACRO_LINKER,AA-like linker; product MW included; material usage requires expanded residues unless a single reagent is defined,Expand macro / Selected,internal residue mass calculation,AA-like linker macro; not a single reagent.
G4Sx2,Linker,G4Sx2 sequence linker macro,,630.56,Yes,No,sequence-derived residue mass,AA sequence macro; product contribution is residue-mass sum. Use expanded residues for exact material usage.,Yes,AA_LIKE_MACRO_LINKER,AA-like linker; product MW included; material usage requires expanded residues unless a single reagent is defined,Expand macro / Selected,internal residue mass calculation,AA-like linker macro; not a single reagent.
Ahx,Linker,Fmoc-6-Ahx-OH,353.42,113.16,Yes,No,curated linker policy,AA-like linker; Fmoc-Ahx-OH reagent default.,Yes,AA_LIKE_LINKER,linker is treated like amino-acid coupling unit; exact reagent MW must match vendor form,Selected,formula/proxy; verify CoA,Linker = AA-like unit. Product contribution separated from reagent MW.
AEEA,Linker,"Fmoc-AEEA-OH / Fmoc-amino-PEG acid, verify vendor form",383.44,161.20,Yes,No,curated linker policy,AA-like PEG linker. Reagent/product values are common AEEA planner defaults; verify exact vendor form.,Yes,AA_LIKE_LINKER,linker is treated like amino-acid coupling unit; exact reagent MW must match vendor form,Selected,formula/proxy; verify CoA,Linker = AA-like unit. Product contribution separated from reagent MW.
PEG1,Linker,Fmoc-amino-PEG1-acid / vendor-specific,,88.11,Yes,No,curated linker policy,PEG linker product proxy; reagent form manual required.,Yes,MANUAL_REAGENT_MW_LINKER,linker is treated like amino-acid coupling unit; exact reagent MW must match vendor form,Selected,formula/proxy; verify CoA,Linker = AA-like unit. Product contribution separated from reagent MW. | Reagent MW manual-required; exact vendor form not unique.
PEG2,Linker,Fmoc-amino-PEG2-acid / vendor-specific,,132.16,Yes,No,curated linker policy,PEG linker product proxy; reagent form manual required.,Yes,MANUAL_REAGENT_MW_LINKER,linker is treated like amino-acid coupling unit; exact reagent MW must match vendor form,Selected,formula/proxy; verify CoA,Linker = AA-like unit. Product contribution separated from reagent MW. | Reagent MW manual-required; exact vendor form not unique.
PEG3,Linker,Fmoc-amino-PEG3-acid / vendor-specific,,176.21,Yes,No,curated linker policy,PEG linker product proxy; reagent form manual required.,Yes,MANUAL_REAGENT_MW_LINKER,linker is treated like amino-acid coupling unit; exact reagent MW must match vendor form,Selected,formula/proxy; verify CoA,Linker = AA-like unit. Product contribution separated from reagent MW. | Reagent MW manual-required; exact vendor form not unique.
PEG4,Linker,Fmoc-amino-PEG4-acid / vendor-specific,,220.26,Yes,No,curated linker policy,PEG linker product proxy; reagent form manual required.,Yes,MANUAL_REAGENT_MW_LINKER,linker is treated like amino-acid coupling unit; exact reagent MW must match vendor form,Selected,formula/proxy; verify CoA,Linker = AA-like unit. Product contribution separated from reagent MW. | Reagent MW manual-required; exact vendor form not unique.
PEG6,Linker,Fmoc-amino-PEG6-acid / vendor-specific,,308.36,Yes,No,curated linker policy,PEG linker product proxy; reagent form manual required.,Yes,MANUAL_REAGENT_MW_LINKER,linker is treated like amino-acid coupling unit; exact reagent MW must match vendor form,Selected,formula/proxy; verify CoA,Linker = AA-like unit. Product contribution separated from reagent MW. | Reagent MW manual-required; exact vendor form not unique.
PEG8,Linker,Fmoc-amino-PEG8-acid / vendor-specific,,396.47,Yes,No,curated linker policy,PEG linker product proxy; reagent form manual required.,Yes,MANUAL_REAGENT_MW_LINKER,linker is treated like amino-acid coupling unit; exact reagent MW must match vendor form,Selected,formula/proxy; verify CoA,Linker = AA-like unit. Product contribution separated from reagent MW. | Reagent MW manual-required; exact vendor form not unique.
PEG12,Linker,Fmoc-amino-PEG12-acid / vendor-specific,,572.68,Yes,No,curated linker policy,PEG linker product proxy; reagent form manual required.,Yes,MANUAL_REAGENT_MW_LINKER,linker is treated like amino-acid coupling unit; exact reagent MW must match vendor form,Selected,formula/proxy; verify CoA,Linker = AA-like unit. Product contribution separated from reagent MW. | Reagent MW manual-required; exact vendor form not unique.
PEG24,Linker,Fmoc-amino-PEG24-acid / vendor-specific,,1101.29,Yes,No,curated linker policy,PEG linker product proxy; reagent form manual required.,Yes,MANUAL_REAGENT_MW_LINKER,linker is treated like amino-acid coupling unit; exact reagent MW must match vendor form,Selected,formula/proxy; verify CoA,Linker = AA-like unit. Product contribution separated from reagent MW. | Reagent MW manual-required; exact vendor form not unique.
bAla,Linker,Fmoc-beta-Ala-OH,311.33,71.08,Yes,No,curated linker policy,AA-like linker; beta-alanine residue contribution.,Yes,AA_LIKE_LINKER,linker is treated like amino-acid coupling unit; exact reagent MW must match vendor form,Selected,formula/proxy; verify CoA,Linker = AA-like unit. Product contribution separated from reagent MW.
PipLink,Linker,PipLink generic crosslinker/reaction motif; vendor/form required,,,Yes,No,manual-required policy,Generic crosslinker/reaction token is not a unique SPPS residue; exact reagent/product contribution requires selected reagent and attachment chemistry.,Yes,MANUAL_REQUIRED,excluded from exact material/product MW until form-specific row is selected,Manual,vendor CoA required,MANUAL_REQUIRED generic crosslinker.
LysLink,Linker,LysLink generic crosslinker/reaction motif; vendor/form required,,,Yes,No,manual-required policy,Generic crosslinker/reaction token is not a unique SPPS residue; exact reagent/product contribution requires selected reagent and attachment chemistry.,Yes,MANUAL_REQUIRED,excluded from exact material/product MW until form-specific row is selected,Manual,vendor CoA required,MANUAL_REQUIRED generic crosslinker.
CysLink,Linker,CysLink generic crosslinker/reaction motif; vendor/form required,,,Yes,No,manual-required policy,Generic crosslinker/reaction token is not a unique SPPS residue; exact reagent/product contribution requires selected reagent and attachment chemistry.,Yes,MANUAL_REQUIRED,excluded from exact material/product MW until form-specific row is selected,Manual,vendor CoA required,MANUAL_REQUIRED generic crosslinker.
SS,Linker,SS generic crosslinker/reaction motif; vendor/form required,,,Yes,No,manual-required policy,Generic crosslinker/reaction token is not a unique SPPS residue; exact reagent/product contribution requires selected reagent and attachment chemistry.,Yes,MANUAL_REQUIRED,excluded from exact material/product MW until form-specific row is selected,Manual,vendor CoA required,MANUAL_REQUIRED generic crosslinker.
Triazole,Linker,Triazole generic crosslinker/reaction motif; vendor/form required,,,Yes,No,manual-required policy,Generic crosslinker/reaction token is not a unique SPPS residue; exact reagent/product contribution requires selected reagent and attachment chemistry.,Yes,MANUAL_REQUIRED,excluded from exact material/product MW until form-specific row is selected,Manual,vendor CoA required,MANUAL_REQUIRED generic crosslinker.
Click,Linker,Click generic crosslinker/reaction motif; vendor/form required,,,Yes,No,manual-required policy,Generic crosslinker/reaction token is not a unique SPPS residue; exact reagent/product contribution requires selected reagent and attachment chemistry.,Yes,MANUAL_REQUIRED,excluded from exact material/product MW until form-specific row is selected,Manual,vendor CoA required,MANUAL_REQUIRED generic crosslinker.
DSS,Linker,DSS generic crosslinker/reaction motif; vendor/form required,,,Yes,No,manual-required policy,Generic crosslinker/reaction token is not a unique SPPS residue; exact reagent/product contribution requires selected reagent and attachment chemistry.,Yes,MANUAL_REQUIRED,excluded from exact material/product MW until form-specific row is selected,Manual,vendor CoA required,MANUAL_REQUIRED generic crosslinker.
SMCC,Linker,SMCC generic crosslinker/reaction motif; vendor/form required,,,Yes,No,manual-required policy,Generic crosslinker/reaction token is not a unique SPPS residue; exact reagent/product contribution requires selected reagent and attachment chemistry.,Yes,MANUAL_REQUIRED,excluded from exact material/product MW until form-specific row is selected,Manual,vendor CoA required,MANUAL_REQUIRED generic crosslinker.
SulfoSMCC,Linker,SulfoSMCC generic crosslinker/reaction motif; vendor/form required,,,Yes,No,manual-required policy,Generic crosslinker/reaction token is not a unique SPPS residue; exact reagent/product contribution requires selected reagent and attachment chemistry.,Yes,MANUAL_REQUIRED,excluded from exact material/product MW until form-specific row is selected,Manual,vendor CoA required,MANUAL_REQUIRED generic crosslinker.
EDC,Linker,EDC generic crosslinker/reaction motif; vendor/form required,,,Yes,No,manual-required policy,Generic crosslinker/reaction token is not a unique SPPS residue; exact reagent/product contribution requires selected reagent and attachment chemistry.,Yes,MANUAL_REQUIRED,excluded from exact material/product MW until form-specific row is selected,Manual,vendor CoA required,MANUAL_REQUIRED generic crosslinker.
Hydrazone,Linker,Hydrazone generic crosslinker/reaction motif; vendor/form required,,,Yes,No,manual-required policy,Generic crosslinker/reaction token is not a unique SPPS residue; exact reagent/product contribution requires selected reagent and attachment chemistry.,Yes,MANUAL_REQUIRED,excluded from exact material/product MW until form-specific row is selected,Manual,vendor CoA required,MANUAL_REQUIRED generic crosslinker.
Oxime,Linker,Oxime generic crosslinker/reaction motif; vendor/form required,,,Yes,No,manual-required policy,Generic crosslinker/reaction token is not a unique SPPS residue; exact reagent/product contribution requires selected reagent and attachment chemistry.,Yes,MANUAL_REQUIRED,excluded from exact material/product MW until form-specific row is selected,Manual,vendor CoA required,MANUAL_REQUIRED generic crosslinker.
AA_G2,Linker,AA_G2 sequence linker macro,,114.10,Yes,No,sequence-derived residue mass,AA sequence macro; product contribution is residue-mass sum. Use expanded residues for exact material usage.,Yes,AA_LIKE_MACRO_LINKER,AA-like linker; product MW included; material usage requires expanded residues unless a single reagent is defined,Expand macro / Selected,internal residue mass calculation,AA-like linker macro; not a single reagent.
AA_G4,Linker,AA_G4 sequence linker macro,,228.20,Yes,No,sequence-derived residue mass,AA sequence macro; product contribution is residue-mass sum. Use expanded residues for exact material usage.,Yes,AA_LIKE_MACRO_LINKER,AA-like linker; product MW included; material usage requires expanded residues unless a single reagent is defined,Expand macro / Selected,internal residue mass calculation,AA-like linker macro; not a single reagent.
AA_G6,Linker,AA_G6 sequence linker macro,,342.30,Yes,No,sequence-derived residue mass,AA sequence macro; product contribution is residue-mass sum. Use expanded residues for exact material usage.,Yes,AA_LIKE_MACRO_LINKER,AA-like linker; product MW included; material usage requires expanded residues unless a single reagent is defined,Expand macro / Selected,internal residue mass calculation,AA-like linker macro; not a single reagent.
AA_A2,Linker,AA_A2 sequence linker macro,,142.16,Yes,No,sequence-derived residue mass,AA sequence macro; product contribution is residue-mass sum. Use expanded residues for exact material usage.,Yes,AA_LIKE_MACRO_LINKER,AA-like linker; product MW included; material usage requires expanded residues unless a single reagent is defined,Expand macro / Selected,internal residue mass calculation,AA-like linker macro; not a single reagent.
AA_A4,Linker,AA_A4 sequence linker macro,,284.32,Yes,No,sequence-derived residue mass,AA sequence macro; product contribution is residue-mass sum. Use expanded residues for exact material usage.,Yes,AA_LIKE_MACRO_LINKER,AA-like linker; product MW included; material usage requires expanded residues unless a single reagent is defined,Expand macro / Selected,internal residue mass calculation,AA-like linker macro; not a single reagent.
AA_GS2,Linker,AA_GS2 sequence linker macro,,288.26,Yes,No,sequence-derived residue mass,AA sequence macro; product contribution is residue-mass sum. Use expanded residues for exact material usage.,Yes,AA_LIKE_MACRO_LINKER,AA-like linker; product MW included; material usage requires expanded residues unless a single reagent is defined,Expand macro / Selected,internal residue mass calculation,AA-like linker macro; not a single reagent.
AA_GS4,Linker,AA_GS4 sequence linker macro,,576.52,Yes,No,sequence-derived residue mass,AA sequence macro; product contribution is residue-mass sum. Use expanded residues for exact material usage.,Yes,AA_LIKE_MACRO_LINKER,AA-like linker; product MW included; material usage requires expanded residues unless a single reagent is defined,Expand macro / Selected,internal residue mass calculation,AA-like linker macro; not a single reagent.
AA_GS6,Linker,AA_GS6 sequence linker macro,,864.78,Yes,No,sequence-derived residue mass,AA sequence macro; product contribution is residue-mass sum. Use expanded residues for exact material usage.,Yes,AA_LIKE_MACRO_LINKER,AA-like linker; product MW included; material usage requires expanded residues unless a single reagent is defined,Expand macro / Selected,internal residue mass calculation,AA-like linker macro; not a single reagent.
AA_AP,Linker,AA_AP sequence linker macro,,168.20,Yes,No,sequence-derived residue mass,AA sequence macro; product contribution is residue-mass sum. Use expanded residues for exact material usage.,Yes,AA_LIKE_MACRO_LINKER,AA-like linker; product MW included; material usage requires expanded residues unless a single reagent is defined,Expand macro / Selected,internal residue mass calculation,AA-like linker macro; not a single reagent.
NH2,C-terminal,C-terminal amide output/control,,-0.98,No,Yes,terminal correction,C-terminal amide relative to acid terminus; planner resin output usually controls final C-terminus.,Yes,CONTROL,no reagent calculation,,internal formula correction,Control token only.
OH,C-terminal,C-terminal acid/OH output/control,,0.00,No,Yes,terminal control,C-terminal acid/OH control token.,Yes,CONTROL,no reagent calculation,,internal,Control token only.
Gallic acid,N-term modifier,Gallic acid / galloyl coupling,170.12,152.10,Yes,Yes,curated formula/PubChem/vendor-normalized,Alias of Gal; acid coupling.,Yes,ACID_DIC_HOBT,reagent_mw is material usage; product_contribution_mw is final peptide residue/cap mass,DIC/HOBt,PubChem/formula/vendor normalized; verify CoA for salts/hydrates,Verified/default row; vendor form can override.
Acetic acid,N-term modifier,Acetic acid route for N-terminal acetylation,60.05,42.04,Yes,Yes,curated formula/PubChem/vendor-normalized,"If AcOH route is explicitly selected, reagent MW is AcOH; peptide contribution is still acetyl +42.04 Da.",Yes,ACOH_ROUTE,reagent_mw is material usage; product_contribution_mw is final peptide residue/cap mass,DIEA,PubChem/formula/vendor normalized; verify CoA for salts/hydrates,Verified/default row; vendor form can override.
Acetyl,N-term modifier,Acetyl cap,60.05,42.04,Yes,Yes,curated formula/PubChem/vendor-normalized,Alias/display token only; verify actual acetylation reagent route.,Yes,ACOH_ROUTE,reagent_mw is material usage; product_contribution_mw is final peptide residue/cap mass,DIEA,PubChem/formula/vendor normalized; verify CoA for salts/hydrates,Verified/default row; vendor form can override.
Lau,N-term modifier,Lauric acid / lauroyl coupling,200.32,182.31,Yes,Yes,curated formula/PubChem/vendor-normalized,Lauric acid reagent MW 200.32; product contribution acid-H2O.,Yes,ACID_DIC_HOBT,reagent_mw is material usage; product_contribution_mw is final peptide residue/cap mass,DIC/HOBt,PubChem/formula/vendor normalized; verify CoA for salts/hydrates,Verified/default row; vendor form can override.
Lauric acid,N-term modifier,Lauric acid / lauroyl coupling,200.32,182.31,Yes,Yes,curated formula/PubChem/vendor-normalized,Alias of Lau.,Yes,ACID_DIC_HOBT,reagent_mw is material usage; product_contribution_mw is final peptide residue/cap mass,DIC/HOBt,PubChem/formula/vendor normalized; verify CoA for salts/hydrates,Verified/default row; vendor form can override.
Oct,N-term modifier,Octanoic acid / octanoyl coupling,144.21,126.20,Yes,Yes,curated formula/PubChem/vendor-normalized,Octanoic acid reagent MW 144.21; product contribution acid-H2O.,Yes,ACID_DIC_HOBT,reagent_mw is material usage; product_contribution_mw is final peptide residue/cap mass,DIC/HOBt,PubChem/formula/vendor normalized; verify CoA for salts/hydrates,Verified/default row; vendor form can override.
Octanoic acid,N-term modifier,Octanoic acid / octanoyl coupling,144.21,126.20,Yes,Yes,curated formula/PubChem/vendor-normalized,Alias of Oct.,Yes,ACID_DIC_HOBT,reagent_mw is material usage; product_contribution_mw is final peptide residue/cap mass,DIC/HOBt,PubChem/formula/vendor normalized; verify CoA for salts/hydrates,Verified/default row; vendor form can override.
Hexanoyl,N-term modifier,Hexanoic acid / hexanoyl coupling,116.16,98.15,Yes,Yes,curated formula/PubChem/vendor-normalized,Hexanoic acid reagent MW 116.16; product contribution acid-H2O.,Yes,ACID_DIC_HOBT,reagent_mw is material usage; product_contribution_mw is final peptide residue/cap mass,DIC/HOBt,PubChem/formula/vendor normalized; verify CoA for salts/hydrates,Verified/default row; vendor form can override.
BzOH,N-term modifier,Benzoic acid / benzoyl coupling,122.12,104.11,Yes,Yes,curated formula/PubChem/vendor-normalized,Benzoic acid reagent MW 122.12; product contribution acid-H2O.,Yes,ACID_DIC_HOBT,reagent_mw is material usage; product_contribution_mw is final peptide residue/cap mass,DIC/HOBt,PubChem/formula/vendor normalized; verify CoA for salts/hydrates,Verified/default row; vendor form can override.
Suc,N-term modifier,Succinic anhydride route / succinyl cap,100.07,100.07,Yes,Yes,curated formula/PubChem/vendor-normalized,Succinylation default uses succinic anhydride MW 100.07; product contribution is succinyl residue +100.07.,Yes,ANHYDRIDE_BASE,reagent_mw is material usage; product_contribution_mw is final peptide residue/cap mass,DIEA/DMAP optional,PubChem/formula/vendor normalized; verify CoA for salts/hydrates,Verified/default row; vendor form can override.
Biotin acid,Label,Biotin acid,244.31,226.30,Yes,Yes,curated/form-specific policy,Biotin carboxylic acid; product contribution acid-H2O.,Yes,ACID_DIC_HOBT,label treated as terminal chemical modifier; exact reagent form controls reagent MW,DIC/HOBt,vendor/PubChem/formula; verify CoA,Form-specific rows preferred. Generic rows are manual-required for material usage.
Biotin-NHS,Label,Biotin-NHS ester,341.38,226.30,Yes,Yes,curated/form-specific policy,Activated ester; product contribution same biotinyl residue.,Yes,NHS_DIEA,label treated as terminal chemical modifier; exact reagent form controls reagent MW,DIEA,vendor/PubChem/formula; verify CoA,Form-specific rows preferred. Generic rows are manual-required for material usage.
5-FAM,Label,5-Carboxyfluorescein,376.32,358.31,Yes,Yes,curated/form-specific policy,5-FAM acid; product contribution acid-H2O.,Yes,ACID_DIC_HOBT,label treated as terminal chemical modifier; exact reagent form controls reagent MW,DIC/HOBt,vendor/PubChem/formula; verify CoA,Form-specific rows preferred. Generic rows are manual-required for material usage.
6-FAM,Label,6-Carboxyfluorescein,376.32,358.31,Yes,Yes,curated/form-specific policy,6-FAM acid; product contribution acid-H2O.,Yes,ACID_DIC_HOBT,label treated as terminal chemical modifier; exact reagent form controls reagent MW,DIC/HOBt,vendor/PubChem/formula; verify CoA,Form-specific rows preferred. Generic rows are manual-required for material usage.
FAM-NHS,Label,FAM NHS ester,473.39,358.31,Yes,Yes,curated/form-specific policy,Activated ester; product contribution FAM acyl residue.,Yes,NHS_DIEA,label treated as terminal chemical modifier; exact reagent form controls reagent MW,DIEA,vendor/PubChem/formula; verify CoA,Form-specific rows preferred. Generic rows are manual-required for material usage.
5-TAMRA,Label,5-Carboxytetramethylrhodamine,430.46,412.45,Yes,Yes,curated/form-specific policy,5-TAMRA acid; product contribution acid-H2O.,Yes,ACID_DIC_HOBT,label treated as terminal chemical modifier; exact reagent form controls reagent MW,DIC/HOBt,vendor/PubChem/formula; verify CoA,Form-specific rows preferred. Generic rows are manual-required for material usage.
6-TAMRA,Label,6-Carboxytetramethylrhodamine,430.46,412.45,Yes,Yes,curated/form-specific policy,6-TAMRA acid; product contribution acid-H2O.,Yes,ACID_DIC_HOBT,label treated as terminal chemical modifier; exact reagent form controls reagent MW,DIC/HOBt,vendor/PubChem/formula; verify CoA,Form-specific rows preferred. Generic rows are manual-required for material usage.
TAMRA-NHS,Label,TAMRA NHS ester,527.53,412.45,Yes,Yes,curated/form-specific policy,Activated ester; product contribution TAMRA acyl residue.,Yes,NHS_DIEA,label treated as terminal chemical modifier; exact reagent form controls reagent MW,DIEA,vendor/PubChem/formula; verify CoA,Form-specific rows preferred. Generic rows are manual-required for material usage.
FITC-Ahx,Label,FITC-Ahx / fluorescein-Ahx acid or prebuilt label,502.54,484.53,Yes,Yes,curated/form-specific policy,Prebuilt label/spacer; exact reagent form must be verified.,Yes,SPECIAL_VERIFY,label treated as terminal chemical modifier; exact reagent form controls reagent MW,Manual,vendor/PubChem/formula; verify CoA,Form-specific rows preferred. Generic rows are manual-required for material usage.
Rhodamine B,Label,Rhodamine B acid,479.02,461.01,Yes,Yes,curated/form-specific policy,Carboxy dye coupling; verify exact salt.,Yes,ACID_DIC_HOBT,label treated as terminal chemical modifier; exact reagent form controls reagent MW,DIC/HOBt,vendor/PubChem/formula; verify CoA,Form-specific rows preferred. Generic rows are manual-required for material usage.
Mca,Label,7-Methoxycoumarin-4-acetic acid,234.21,216.20,Yes,Yes,curated/form-specific policy,Mca acid; product contribution acid-H2O.,Yes,ACID_DIC_HOBT,label treated as terminal chemical modifier; exact reagent form controls reagent MW,DIC/HOBt,vendor/PubChem/formula; verify CoA,Form-specific rows preferred. Generic rows are manual-required for material usage.
DNP,Label,"2,4-Dinitrophenyl label reagent, verify exact chemistry",184.11,167.10,Yes,Yes,curated/form-specific policy,DNP chemistry varies; verify actual reagent.,Yes,SPECIAL_VERIFY,label treated as terminal chemical modifier; exact reagent form controls reagent MW,Manual,vendor/PubChem/formula; verify CoA,Form-specific rows preferred. Generic rows are manual-required for material usage.
DOTA-tris(tBu),Label,DOTA-tris(tBu) ester acid,560.64,542.63,Yes,Yes,curated/form-specific policy,Chelator acid; verify salt/protecting form.,Yes,ACID_SELECTED,label treated as terminal chemical modifier; exact reagent form controls reagent MW,HATU/HBTU/DIC per SOP,vendor/PubChem/formula; verify CoA,Form-specific rows preferred. Generic rows are manual-required for material usage.
DOTA-NHS,Label,DOTA-NHS ester,551.51,386.36,Yes,Yes,curated/form-specific policy,Activated ester chelator; verify salt form.,Yes,NHS_DIEA,label treated as terminal chemical modifier; exact reagent form controls reagent MW,DIEA,vendor/PubChem/formula; verify CoA,Form-specific rows preferred. Generic rows are manual-required for material usage.
NOTA-NHS,Label,NOTA-NHS ester,444.40,324.33,Yes,Yes,curated/form-specific policy,Activated ester chelator; verify salt form.,Yes,NHS_DIEA,label treated as terminal chemical modifier; exact reagent form controls reagent MW,DIEA,vendor/PubChem/formula; verify CoA,Form-specific rows preferred. Generic rows are manual-required for material usage.
N3Ac,N-term modifier,Azidoacetic acid / azidoacetyl coupling,101.06,83.05,Yes,Yes,curated formula/PubChem/vendor-normalized,Azidoacetic acid reagent MW 101.06; azidoacetyl contribution acid-H2O.,Yes,ACID_DIC_HOBT,reagent_mw is material usage; product_contribution_mw is final peptide residue/cap mass,DIC/HOBt,PubChem/formula/vendor normalized; verify CoA for salts/hydrates,Verified/default row; vendor form can override.
Azidoacetic acid,N-term modifier,Azidoacetic acid / azidoacetyl coupling,101.06,83.05,Yes,Yes,curated formula/PubChem/vendor-normalized,Alias of N3Ac.,Yes,ACID_DIC_HOBT,reagent_mw is material usage; product_contribution_mw is final peptide residue/cap mass,DIC/HOBt,PubChem/formula/vendor normalized; verify CoA for salts/hydrates,Verified/default row; vendor form can override.
Propiolic acid,N-term modifier,Propiolic acid / propioloyl coupling,70.05,52.04,Yes,Yes,curated formula/PubChem/vendor-normalized,Propiolic acid reagent MW 70.05; product contribution acid-H2O.,Yes,ACID_DIC_HOBT,reagent_mw is material usage; product_contribution_mw is final peptide residue/cap mass,DIC/HOBt,PubChem/formula/vendor normalized; verify CoA for salts/hydrates,Verified/default row; vendor form can override.
DBCO acid,Label,DBCO acid / DBCO-PEG acid,305.33,287.32,Yes,Yes,curated/form-specific policy,DBCO acid row; MW varies by spacer.,Yes,ACID_DIC_HOBT,label treated as terminal chemical modifier; exact reagent form controls reagent MW,DIC/HOBt,vendor/PubChem/formula; verify CoA,Form-specific rows preferred. Generic rows are manual-required for material usage.
PEG4 acid,Linker,PEG4 acid / Fmoc-PEG4 acid vendor-specific,,220.26,Yes,Yes,manual-required policy,Exact PEG4 acid/Fmoc-PEG4 reagent MW varies by spacer/end group; product proxy uses PEG4 linker contribution.,Yes,MANUAL_REAGENT_MW_LINKER,product proxy only; exact reagent MW from CoA,Manual / DIC-HOBt if carboxy acid,vendor CoA required,Previous inconsistent MW normalized to manual-required reagent form.
PEG12 acid,Linker,PEG12 acid / Fmoc-PEG12 acid vendor-specific,,572.68,Yes,Yes,manual-required policy,Exact PEG12 acid/Fmoc-PEG12 reagent MW varies by spacer/end group; product proxy uses PEG12 linker contribution.,Yes,MANUAL_REAGENT_MW_LINKER,product proxy only; exact reagent MW from CoA,Manual / DIC-HOBt if carboxy acid,vendor CoA required,Previous inconsistent MW normalized to manual-required reagent form.
